Workbook

Sheet blend
A1: x_m | B1: r_eng_m | C1: r_bio_m | D1: L_m | E1: alpha_max | F1: r_blend_m | G1: t_smooth | H1: alpha_x
A2: =$D$2*(0)/200 | B2: 0 | C2: 0.00017574773 | D2: =extras!$B$3 | E2: =extras!$B$6 | F2: =(1-H2)*B2+H2*C2 | G2: =IF($D$2=0,0,MAX(0,MIN(1,(A2-extras!$E$3*$D$2)/(extras!$E$4*$D$2)))) | H2: =$E$2*(G2^2*(3-2*G2))
A3: =$D$2*(1)/200 | B3: 0.00040154408 | C3: 0.00018954722 | D3: =extras!$B$3 | E3: =extras!$B$6 | F3: =(1-H3)*B3+H3*C3 | G3: =IF($D$2=0,0,MAX(0,MIN(1,(A3-extras!$E$3*$D$2)/(extras!$E$4*$D$2)))) | H3: =$E$2*(G3^2*(3-2*G3))
A4: =$D$2*(2)/200 | B4: 0.00080102389 | C4: 0.00020655683 | D4: =extras!$B$3 | E4: =extras!$B$6 | F4: =(1-H4)*B4+H4*C4 | G4: =IF($D$2=0,0,MAX(0,MIN(1,(A4-extras!$E$3*$D$2)/(extras!$E$4*$D$2)))) | H4: =$E$2*(G4^2*(3-2*G4))
A5: =$D$2*(3)/200 | B5: 0.0011984402 | C5: 0.00022680758 | D5: =extras!$B$3 | E5: =extras!$B$6 | F5: =(1-H5)*B5+H5*C5 | G5: =IF($D$2=0,0,MAX(0,MIN(1,(A5-extras!$E$3*$D$2)/(extras!$E$4*$D$2)))) | H5: =$E$2*(G5^2*(3-2*G5))
A6: =$D$2*(4)/200 | B6: 0.0015937939 | C6: 0.00025033066 | D6: =extras!$B$3 | E6: =extras!$B$6 | F6: =(1-H6)*B6+H6*C6 | G6: =IF($D$2=0,0,MAX(0,MIN(1,(A6-extras!$E$3*$D$2)/(extras!$E$4*$D$2)))) | H6: =$E$2*(G6^2*(3-2*G6))
A7: =$D$2*(5)/200 | B7: 0.0019870856 | C7: 0.00027715739 | D7: =extras!$B$3 | E7: =extras!$B$6 | F7: =(1-H7)*B7+H7*C7 | G7: =IF($D$2=0,0,MAX(0,MIN(1,(A7-extras!$E$3*$D$2)/(extras!$E$4*$D$2)))) | H7: =$E$2*(G7^2*(3-2*G7))
A8: =$D$2*(6)/200 | B8: 0.0023783162 | C8: 0.00030731912 | D8: =extras!$B$3 | E8: =extras!$B$6 | F8: =(1-H8)*B8+H8*C8 | G8: =IF($D$2=0,0,MAX(0,MIN(1,(A8-extras!$E$3*$D$2)/(extras!$E$4*$D$2)))) | H8: =$E$2*(G8^2*(3-2*G8))
A9: =$D$2*(7)/200 | B9: 0.0027674865 | C9: 0.00034084711 | D9: =extras!$B$3 | E9: =extras!$B$6 | F9: =(1-H9)*B9+H9*C9 | G9: =IF($D$2=0,0,MAX(0,MIN(1,(A9-extras!$E$3*$D$2)/(extras!$E$4*$D$2)))) | H9: =$E$2*(G9^2*(3-2*G9))
A10: =$D$2*(8)/200 | B10: 0.0031545972 | C10: 0.00037777251 | D10: =extras!$B$3 | E10: =extras!$B$6 | F10: =(1-H10)*B10+H10*C10 | G10: =IF($D$2=0,0,MAX(0,MIN(1,(A10-extras!$E$3*$D$2)/(extras!$E$4*$D$2)))) | H10: =$E$2*(G10^2*(3-2*G10))
A11: =$D$2*(9)/200 | B11: 0.0035396491 | C11: 0.00041812618 | D11: =extras!$B$3 | E11: =extras!$B$6 | F11: =(1-H11)*B11+H11*C11 | G11: =IF($D$2=0,0,MAX(0,MIN(1,(A11-extras!$E$3*$D$2)/(extras!$E$4*$D$2)))) | H11: =$E$2*(G11^2*(3-2*G11))
A12: =$D$2*(10)/200 | B12: 0.003922643 | C12: 0.00046193861 | D12: =extras!$B$3 | E12: =extras!$B$6 | F12: =(1-H12)*B12+H12*C12 | G12: =IF($D$2=0,0,MAX(0,MIN(1,(A12-extras!$E$3*$D$2)/(extras!$E$4*$D$2)))) | H12: =$E$2*(G12^2*(3-2*G12))
A13: =$D$2*(11)/200 | B13: 0.0043035796 | C13: 0.00050923981 | D13: =extras!$B$3 | E13: =extras!$B$6 | F13: =(1-H13)*B13+H13*C13 | G13: =IF($D$2=0,0,MAX(0,MIN(1,(A13-extras!$E$3*$D$2)/(extras!$E$4*$D$2)))) | H13: =$E$2*(G13^2*(3-2*G13))
A14: =$D$2*(12)/200 | B14: 0.0046824597 | C14: 0.0005600592 | D14: =extras!$B$3 | E14: =extras!$B$6 | F14: =(1-H14)*B14+H14*C14 | G14: =IF($D$2=0,0,MAX(0,MIN(1,(A14-extras!$E$3*$D$2)/(extras!$E$4*$D$2)))) | H14: =$E$2*(G14^2*(3-2*G14))
A15: =$D$2*(13)/200 | B15: 0.005059284 | C15: 0.00061442544 | D15: =extras!$B$3 | E15: =extras!$B$6 | F15: =(1-H15)*B15+H15*C15 | G15: =IF($D$2=0,0,MAX(0,MIN(1,(A15-extras!$E$3*$D$2)/(extras!$E$4*$D$2)))) | H15: =$E$2*(G15^2*(3-2*G15))
A16: =$D$2*(14)/200 | B16: 0.0054340533 | C16: 0.00067236636 | D16: =extras!$B$3 | E16: =extras!$B$6 | F16: =(1-H16)*B16+H16*C16 | G16: =IF($D$2=0,0,MAX(0,MIN(1,(A16-extras!$E$3*$D$2)/(extras!$E$4*$D$2)))) | H16: =$E$2*(G16^2*(3-2*G16))
A17: =$D$2*(15)/200 | B17: 0.0058067683 | C17: 0.00073390876 | D17: =extras!$B$3 | E17: =extras!$B$6 | F17: =(1-H17)*B17+H17*C17 | G17: =IF($D$2=0,0,MAX(0,MIN(1,(A17-extras!$E$3*$D$2)/(extras!$E$4*$D$2)))) | H17: =$E$2*(G17^2*(3-2*G17))
A18: =$D$2*(16)/200 | B18: 0.0061774298 | C18: 0.0007990783 | D18: =extras!$B$3 | E18: =extras!$B$6 | F18: =(1-H18)*B18+H18*C18 | G18: =IF($D$2=0,0,MAX(0,MIN(1,(A18-extras!$E$3*$D$2)/(extras!$E$4*$D$2)))) | H18: =$E$2*(G18^2*(3-2*G18))
A19: =$D$2*(17)/200 | B19: 0.0065460385 | C19: 0.00086789935 | D19: =extras!$B$3 | E19: =extras!$B$6 | F19: =(1-H19)*B19+H19*C19 | G19: =IF($D$2=0,0,MAX(0,MIN(1,(A19-extras!$E$3*$D$2)/(extras!$E$4*$D$2)))) | H19: =$E$2*(G19^2*(3-2*G19))
A20: =$D$2*(18)/200 | B20: 0.0069125952 | C20: 0.00094039482 | D20: =extras!$B$3 | E20: =extras!$B$6 | F20: =(1-H20)*B20+H20*C20 | G20: =IF($D$2=0,0,MAX(0,MIN(1,(A20-extras!$E$3*$D$2)/(extras!$E$4*$D$2)))) | H20: =$E$2*(G20^2*(3-2*G20))
A21: =$D$2*(19)/200 | B21: 0.0072771005 | C21: 0.001016586 | D21: =extras!$B$3 | E21: =extras!$B$6 | F21: =(1-H21)*B21+H21*C21 | G21: =IF($D$2=0,0,MAX(0,MIN(1,(A21-extras!$E$3*$D$2)/(extras!$E$4*$D$2)))) | H21: =$E$2*(G21^2*(3-2*G21))
A22: =$D$2*(20)/200 | B22: 0.0076395551 | C22: 0.0010964926 | D22: =extras!$B$3 | E22: =extras!$B$6 | F22: =(1-H22)*B22+H22*C22 | G22: =IF($D$2=0,0,MAX(0,MIN(1,(A22-extras!$E$3*$D$2)/(extras!$E$4*$D$2)))) | H22: =$E$2*(G22^2*(3-2*G22))
A23: =$D$2*(21)/200 | B23: 0.0079999598 | C23: 0.001180132 | D23: =extras!$B$3 | E23: =extras!$B$6 | F23: =(1-H23)*B23+H23*C23 | G23: =IF($D$2=0,0,MAX(0,MIN(1,(A23-extras!$E$3*$D$2)/(extras!$E$4*$D$2)))) | H23: =$E$2*(G23^2*(3-2*G23))
A24: =$D$2*(22)/200 | B24: 0.0083583154 | C24: 0.0012675199 | D24: =extras!$B$3 | E24: =extras!$B$6 | F24: =(1-H24)*B24+H24*C24 | G24: =IF($D$2=0,0,MAX(0,MIN(1,(A24-extras!$E$3*$D$2)/(extras!$E$4*$D$2)))) | H24: =$E$2*(G24^2*(3-2*G24))
A25: =$D$2*(23)/200 | B25: 0.0087146224 | C25: 0.0013586696 | D25: =extras!$B$3 | E25: =extras!$B$6 | F25: =(1-H25)*B25+H25*C25 | G25: =IF($D$2=0,0,MAX(0,MIN(1,(A25-extras!$E$3*$D$2)/(extras!$E$4*$D$2)))) | H25: =$E$2*(G25^2*(3-2*G25))
A26: =$D$2*(24)/200 | B26: 0.0090688817 | C26: 0.0014535918 | D26: =extras!$B$3 | E26: =extras!$B$6 | F26: =(1-H26)*B26+H26*C26 | G26: =IF($D$2=0,0,MAX(0,MIN(1,(A26-extras!$E$3*$D$2)/(extras!$E$4*$D$2)))) | H26: =$E$2*(G26^2*(3-2*G26))
A27: =$D$2*(25)/200 | B27: 0.0094210939 | C27: 0.001552295 | D27: =extras!$B$3 | E27: =extras!$B$6 | F27: =(1-H27)*B27+H27*C27 | G27: =IF($D$2=0,0,MAX(0,MIN(1,(A27-extras!$E$3*$D$2)/(extras!$E$4*$D$2)))) | H27: =$E$2*(G27^2*(3-2*G27))
A28: =$D$2*(26)/200 | B28: 0.0097712597 | C28: 0.0016547846 | D28: =extras!$B$3 | E28: =extras!$B$6 | F28: =(1-H28)*B28+H28*C28 | G28: =IF($D$2=0,0,MAX(0,MIN(1,(A28-extras!$E$3*$D$2)/(extras!$E$4*$D$2)))) | H28: =$E$2*(G28^2*(3-2*G28))
A29: =$D$2*(27)/200 | B29: 0.01011938 | C29: 0.0017610632 | D29: =extras!$B$3 | E29: =extras!$B$6 | F29: =(1-H29)*B29+H29*C29 | G29: =IF($D$2=0,0,MAX(0,MIN(1,(A29-extras!$E$3*$D$2)/(extras!$E$4*$D$2)))) | H29: =$E$2*(G29^2*(3-2*G29))
A30: =$D$2*(28)/200 | B30: 0.010465455 | C30: 0.0018711303 | D30: =extras!$B$3 | E30: =extras!$B$6 | F30: =(1-H30)*B30+H30*C30 | G30: =IF($D$2=0,0,MAX(0,MIN(1,(A30-extras!$E$3*$D$2)/(extras!$E$4*$D$2)))) | H30: =$E$2*(G30^2*(3-2*G30))
A31: =$D$2*(29)/200 | B31: 0.010809486 | C31: 0.0019849823 | D31: =extras!$B$3 | E31: =extras!$B$6 | F31: =(1-H31)*B31+H31*C31 | G31: =IF($D$2=0,0,MAX(0,MIN(1,(A31-extras!$E$3*$D$2)/(extras!$E$4*$D$2)))) | H31: =$E$2*(G31^2*(3-2*G31))
A32: =$D$2*(30)/200 | B32: 0.011151473 | C32: 0.002102612 | D32: =extras!$B$3 | E32: =extras!$B$6 | F32: =(1-H32)*B32+H32*C32 | G32: =IF($D$2=0,0,MAX(0,MIN(1,(A32-extras!$E$3*$D$2)/(extras!$E$4*$D$2)))) | H32: =$E$2*(G32^2*(3-2*G32))
A33: =$D$2*(31)/200 | B33: 0.011491417 | C33: 0.0022240089 | D33: =extras!$B$3 | E33: =extras!$B$6 | F33: =(1-H33)*B33+H33*C33 | G33: =IF($D$2=0,0,MAX(0,MIN(1,(A33-extras!$E$3*$D$2)/(extras!$E$4*$D$2)))) | H33: =$E$2*(G33^2*(3-2*G33))
A34: =$D$2*(32)/200 | B34: 0.011829318 | C34: 0.0023491585 | D34: =extras!$B$3 | E34: =extras!$B$6 | F34: =(1-H34)*B34+H34*C34 | G34: =IF($D$2=0,0,MAX(0,MIN(1,(A34-extras!$E$3*$D$2)/(extras!$E$4*$D$2)))) | H34: =$E$2*(G34^2*(3-2*G34))
A35: =$D$2*(33)/200 | B35: 0.012165178 | C35: 0.0024780428 | D35: =extras!$B$3 | E35: =extras!$B$6 | F35: =(1-H35)*B35+H35*C35 | G35: =IF($D$2=0,0,MAX(0,MIN(1,(A35-extras!$E$3*$D$2)/(extras!$E$4*$D$2)))) | H35: =$E$2*(G35^2*(3-2*G35))
A36: =$D$2*(34)/200 | B36: 0.012498998 | C36: 0.0026106396 | D36: =extras!$B$3 | E36: =extras!$B$6 | F36: =(1-H36)*B36+H36*C36 | G36: =IF($D$2=0,0,MAX(0,MIN(1,(A36-extras!$E$3*$D$2)/(extras!$E$4*$D$2)))) | H36: =$E$2*(G36^2*(3-2*G36))
A37: =$D$2*(35)/200 | B37: 0.012830776 | C37: 0.002746923 | D37: =extras!$B$3 | E37: =extras!$B$6 | F37: =(1-H37)*B37+H37*C37 | G37: =IF($D$2=0,0,MAX(0,MIN(1,(A37-extras!$E$3*$D$2)/(extras!$E$4*$D$2)))) | H37: =$E$2*(G37^2*(3-2*G37))
A38: =$D$2*(36)/200 | B38: 0.013160515 | C38: 0.0028868624 | D38: =extras!$B$3 | E38: =extras!$B$6 | F38: =(1-H38)*B38+H38*C38 | G38: =IF($D$2=0,0,MAX(0,MIN(1,(A38-extras!$E$3*$D$2)/(extras!$E$4*$D$2)))) | H38: =$E$2*(G38^2*(3-2*G38))
A39: =$D$2*(37)/200 | B39: 0.013488215 | C39: 0.0030304235 | D39: =extras!$B$3 | E39: =extras!$B$6 | F39: =(1-H39)*B39+H39*C39 | G39: =IF($D$2=0,0,MAX(0,MIN(1,(A39-extras!$E$3*$D$2)/(extras!$E$4*$D$2)))) | H39: =$E$2*(G39^2*(3-2*G39))
A40: =$D$2*(38)/200 | B40: 0.013813877 | C40: 0.0031775672 | D40: =extras!$B$3 | E40: =extras!$B$6 | F40: =(1-H40)*B40+H40*C40 | G40: =IF($D$2=0,0,MAX(0,MIN(1,(A40-extras!$E$3*$D$2)/(extras!$E$4*$D$2)))) | H40: =$E$2*(G40^2*(3-2*G40))
A41: =$D$2*(39)/200 | B41: 0.014137501 | C41: 0.0033282503 | D41: =extras!$B$3 | E41: =extras!$B$6 | F41: =(1-H41)*B41+H41*C41 | G41: =IF($D$2=0,0,MAX(0,MIN(1,(A41-extras!$E$3*$D$2)/(extras!$E$4*$D$2)))) | H41: =$E$2*(G41^2*(3-2*G41))
A42: =$D$2*(40)/200 | B42: 0.014459088 | C42: 0.0034824249 | D42: =extras!$B$3 | E42: =extras!$B$6 | F42: =(1-H42)*B42+H42*C42 | G42: =IF($D$2=0,0,MAX(0,MIN(1,(A42-extras!$E$3*$D$2)/(extras!$E$4*$D$2)))) | H42: =$E$2*(G42^2*(3-2*G42))
A43: =$D$2*(41)/200 | B43: 0.014778638 | C43: 0.0036400387 | D43: =extras!$B$3 | E43: =extras!$B$6 | F43: =(1-H43)*B43+H43*C43 | G43: =IF($D$2=0,0,MAX(0,MIN(1,(A43-extras!$E$3*$D$2)/(extras!$E$4*$D$2)))) | H43: =$E$2*(G43^2*(3-2*G43))
A44: =$D$2*(42)/200 | B44: 0.015096152 | C44: 0.0038010348 | D44: =extras!$B$3 | E44: =extras!$B$6 | F44: =(1-H44)*B44+H44*C44 | G44: =IF($D$2=0,0,MAX(0,MIN(1,(A44-extras!$E$3*$D$2)/(extras!$E$4*$D$2)))) | H44: =$E$2*(G44^2*(3-2*G44))
A45: =$D$2*(43)/200 | B45: 0.015411631 | C45: 0.0039653518 | D45: =extras!$B$3 | E45: =extras!$B$6 | F45: =(1-H45)*B45+H45*C45 | G45: =IF($D$2=0,0,MAX(0,MIN(1,(A45-extras!$E$3*$D$2)/(extras!$E$4*$D$2)))) | H45: =$E$2*(G45^2*(3-2*G45))
A46: =$D$2*(44)/200 | B46: 0.015725076 | C46: 0.0041329237 | D46: =extras!$B$3 | E46: =extras!$B$6 | F46: =(1-H46)*B46+H46*C46 | G46: =IF($D$2=0,0,MAX(0,MIN(1,(A46-extras!$E$3*$D$2)/(extras!$E$4*$D$2)))) | H46: =$E$2*(G46^2*(3-2*G46))
A47: =$D$2*(45)/200 | B47: 0.016036486 | C47: 0.00430368 | D47: =extras!$B$3 | E47: =extras!$B$6 | F47: =(1-H47)*B47+H47*C47 | G47: =IF($D$2=0,0,MAX(0,MIN(1,(A47-extras!$E$3*$D$2)/(extras!$E$4*$D$2)))) | H47: =$E$2*(G47^2*(3-2*G47))
A48: =$D$2*(46)/200 | B48: 0.016345864 | C48: 0.0044775457 | D48: =extras!$B$3 | E48: =extras!$B$6 | F48: =(1-H48)*B48+H48*C48 | G48: =IF($D$2=0,0,MAX(0,MIN(1,(A48-extras!$E$3*$D$2)/(extras!$E$4*$D$2)))) | H48: =$E$2*(G48^2*(3-2*G48))
A49: =$D$2*(47)/200 | B49: 0.016653208 | C49: 0.0046544413 | D49: =extras!$B$3 | E49: =extras!$B$6 | F49: =(1-H49)*B49+H49*C49 | G49: =IF($D$2=0,0,MAX(0,MIN(1,(A49-extras!$E$3*$D$2)/(extras!$E$4*$D$2)))) | H49: =$E$2*(G49^2*(3-2*G49))
A50: =$D$2*(48)/200 | B50: 0.01695852 | C50: 0.004834283 | D50: =extras!$B$3 | E50: =extras!$B$6 | F50: =(1-H50)*B50+H50*C50 | G50: =IF($D$2=0,0,MAX(0,MIN(1,(A50-extras!$E$3*$D$2)/(extras!$E$4*$D$2)))) | H50: =$E$2*(G50^2*(3-2*G50))
A51: =$D$2*(49)/200 | B51: 0.0172618 | C51: 0.0050169829 | D51: =extras!$B$3 | E51: =extras!$B$6 | F51: =(1-H51)*B51+H51*C51 | G51: =IF($D$2=0,0,MAX(0,MIN(1,(A51-extras!$E$3*$D$2)/(extras!$E$4*$D$2)))) | H51: =$E$2*(G51^2*(3-2*G51))
A52: =$D$2*(50)/200 | B52: 0.01756305 | C52: 0.0052024487 | D52: =extras!$B$3 | E52: =extras!$B$6 | F52: =(1-H52)*B52+H52*C52 | G52: =IF($D$2=0,0,MAX(0,MIN(1,(A52-extras!$E$3*$D$2)/(extras!$E$4*$D$2)))) | H52: =$E$2*(G52^2*(3-2*G52))
A53: =$D$2*(51)/200 | B53: 0.017862269 | C53: 0.0053905843 | D53: =extras!$B$3 | E53: =extras!$B$6 | F53: =(1-H53)*B53+H53*C53 | G53: =IF($D$2=0,0,MAX(0,MIN(1,(A53-extras!$E$3*$D$2)/(extras!$E$4*$D$2)))) | H53: =$E$2*(G53^2*(3-2*G53))
A54: =$D$2*(52)/200 | B54: 0.018159458 | C54: 0.0055812897 | D54: =extras!$B$3 | E54: =extras!$B$6 | F54: =(1-H54)*B54+H54*C54 | G54: =IF($D$2=0,0,MAX(0,MIN(1,(A54-extras!$E$3*$D$2)/(extras!$E$4*$D$2)))) | H54: =$E$2*(G54^2*(3-2*G54))
A55: =$D$2*(53)/200 | B55: 0.018454618 | C55: 0.0057744612 | D55: =extras!$B$3 | E55: =extras!$B$6 | F55: =(1-H55)*B55+H55*C55 | G55: =IF($D$2=0,0,MAX(0,MIN(1,(A55-extras!$E$3*$D$2)/(extras!$E$4*$D$2)))) | H55: =$E$2*(G55^2*(3-2*G55))
A56: =$D$2*(54)/200 | B56: 0.018747749 | C56: 0.0059699916 | D56: =extras!$B$3 | E56: =extras!$B$6 | F56: =(1-H56)*B56+H56*C56 | G56: =IF($D$2=0,0,MAX(0,MIN(1,(A56-extras!$E$3*$D$2)/(extras!$E$4*$D$2)))) | H56: =$E$2*(G56^2*(3-2*G56))
A57: =$D$2*(55)/200 | B57: 0.019038852 | C57: 0.0061677705 | D57: =extras!$B$3 | E57: =extras!$B$6 | F57: =(1-H57)*B57+H57*C57 | G57: =IF($D$2=0,0,MAX(0,MIN(1,(A57-extras!$E$3*$D$2)/(extras!$E$4*$D$2)))) | H57: =$E$2*(G57^2*(3-2*G57))
A58: =$D$2*(56)/200 | B58: 0.019327928 | C58: 0.0063676846 | D58: =extras!$B$3 | E58: =extras!$B$6 | F58: =(1-H58)*B58+H58*C58 | G58: =IF($D$2=0,0,MAX(0,MIN(1,(A58-extras!$E$3*$D$2)/(extras!$E$4*$D$2)))) | H58: =$E$2*(G58^2*(3-2*G58))
A59: =$D$2*(57)/200 | B59: 0.019614976 | C59: 0.0065696176 | D59: =extras!$B$3 | E59: =extras!$B$6 | F59: =(1-H59)*B59+H59*C59 | G59: =IF($D$2=0,0,MAX(0,MIN(1,(A59-extras!$E$3*$D$2)/(extras!$E$4*$D$2)))) | H59: =$E$2*(G59^2*(3-2*G59))
A60: =$D$2*(58)/200 | B60: 0.019899998 | C60: 0.0067734508 | D60: =extras!$B$3 | E60: =extras!$B$6 | F60: =(1-H60)*B60+H60*C60 | G60: =IF($D$2=0,0,MAX(0,MIN(1,(A60-extras!$E$3*$D$2)/(extras!$E$4*$D$2)))) | H60: =$E$2*(G60^2*(3-2*G60))
A61: =$D$2*(59)/200 | B61: 0.020182995 | C61: 0.0069790633 | D61: =extras!$B$3 | E61: =extras!$B$6 | F61: =(1-H61)*B61+H61*C61 | G61: =IF($D$2=0,0,MAX(0,MIN(1,(A61-extras!$E$3*$D$2)/(extras!$E$4*$D$2)))) | H61: =$E$2*(G61^2*(3-2*G61))
A62: =$D$2*(60)/200 | B62: 0.020463966 | C62: 0.0071863321 | D62: =extras!$B$3 | E62: =extras!$B$6 | F62: =(1-H62)*B62+H62*C62 | G62: =IF($D$2=0,0,MAX(0,MIN(1,(A62-extras!$E$3*$D$2)/(extras!$E$4*$D$2)))) | H62: =$E$2*(G62^2*(3-2*G62))
A63: =$D$2*(61)/200 | B63: 0.020742912 | C63: 0.007395133 | D63: =extras!$B$3 | E63: =extras!$B$6 | F63: =(1-H63)*B63+H63*C63 | G63: =IF($D$2=0,0,MAX(0,MIN(1,(A63-extras!$E$3*$D$2)/(extras!$E$4*$D$2)))) | H63: =$E$2*(G63^2*(3-2*G63))
A64: =$D$2*(62)/200 | B64: 0.021019834 | C64: 0.00760534 | D64: =extras!$B$3 | E64: =extras!$B$6 | F64: =(1-H64)*B64+H64*C64 | G64: =IF($D$2=0,0,MAX(0,MIN(1,(A64-extras!$E$3*$D$2)/(extras!$E$4*$D$2)))) | H64: =$E$2*(G64^2*(3-2*G64))
A65: =$D$2*(63)/200 | B65: 0.021294732 | C65: 0.0078168265 | D65: =extras!$B$3 | E65: =extras!$B$6 | F65: =(1-H65)*B65+H65*C65 | G65: =IF($D$2=0,0,MAX(0,MIN(1,(A65-extras!$E$3*$D$2)/(extras!$E$4*$D$2)))) | H65: =$E$2*(G65^2*(3-2*G65))
A66: =$D$2*(64)/200 | B66: 0.021567607 | C66: 0.0080294652 | D66: =extras!$B$3 | E66: =extras!$B$6 | F66: =(1-H66)*B66+H66*C66 | G66: =IF($D$2=0,0,MAX(0,MIN(1,(A66-extras!$E$3*$D$2)/(extras!$E$4*$D$2)))) | H66: =$E$2*(G66^2*(3-2*G66))
A67: =$D$2*(65)/200 | B67: 0.021838459 | C67: 0.0082431285 | D67: =extras!$B$3 | E67: =extras!$B$6 | F67: =(1-H67)*B67+H67*C67 | G67: =IF($D$2=0,0,MAX(0,MIN(1,(A67-extras!$E$3*$D$2)/(extras!$E$4*$D$2)))) | H67: =$E$2*(G67^2*(3-2*G67))
A68: =$D$2*(66)/200 | B68: 0.022107289 | C68: 0.008457689 | D68: =extras!$B$3 | E68: =extras!$B$6 | F68: =(1-H68)*B68+H68*C68 | G68: =IF($D$2=0,0,MAX(0,MIN(1,(A68-extras!$E$3*$D$2)/(extras!$E$4*$D$2)))) | H68: =$E$2*(G68^2*(3-2*G68))
A69: =$D$2*(67)/200 | B69: 0.022374098 | C69: 0.0086730199 | D69: =extras!$B$3 | E69: =extras!$B$6 | F69: =(1-H69)*B69+H69*C69 | G69: =IF($D$2=0,0,MAX(0,MIN(1,(A69-extras!$E$3*$D$2)/(extras!$E$4*$D$2)))) | H69: =$E$2*(G69^2*(3-2*G69))
A70: =$D$2*(68)/200 | B70: 0.022638886 | C70: 0.0088889951 | D70: =extras!$B$3 | E70: =extras!$B$6 | F70: =(1-H70)*B70+H70*C70 | G70: =IF($D$2=0,0,MAX(0,MIN(1,(A70-extras!$E$3*$D$2)/(extras!$E$4*$D$2)))) | H70: =$E$2*(G70^2*(3-2*G70))
A71: =$D$2*(69)/200 | B71: 0.022901653 | C71: 0.0091054898 | D71: =extras!$B$3 | E71: =extras!$B$6 | F71: =(1-H71)*B71+H71*C71 | G71: =IF($D$2=0,0,MAX(0,MIN(1,(A71-extras!$E$3*$D$2)/(extras!$E$4*$D$2)))) | H71: =$E$2*(G71^2*(3-2*G71))
A72: =$D$2*(70)/200 | B72: 0.0231624 | C72: 0.009322381 | D72: =extras!$B$3 | E72: =extras!$B$6 | F72: =(1-H72)*B72+H72*C72 | G72: =IF($D$2=0,0,MAX(0,MIN(1,(A72-extras!$E$3*$D$2)/(extras!$E$4*$D$2)))) | H72: =$E$2*(G72^2*(3-2*G72))
A73: =$D$2*(71)/200 | B73: 0.023421127 | C73: 0.0095395475 | D73: =extras!$B$3 | E73: =extras!$B$6 | F73: =(1-H73)*B73+H73*C73 | G73: =IF($D$2=0,0,MAX(0,MIN(1,(A73-extras!$E$3*$D$2)/(extras!$E$4*$D$2)))) | H73: =$E$2*(G73^2*(3-2*G73))
A74: =$D$2*(72)/200 | B74: 0.023677836 | C74: 0.0097568706 | D74: =extras!$B$3 | E74: =extras!$B$6 | F74: =(1-H74)*B74+H74*C74 | G74: =IF($D$2=0,0,MAX(0,MIN(1,(A74-extras!$E$3*$D$2)/(extras!$E$4*$D$2)))) | H74: =$E$2*(G74^2*(3-2*G74))
A75: =$D$2*(73)/200 | B75: 0.023932526 | C75: 0.0099742345 | D75: =extras!$B$3 | E75: =extras!$B$6 | F75: =(1-H75)*B75+H75*C75 | G75: =IF($D$2=0,0,MAX(0,MIN(1,(A75-extras!$E$3*$D$2)/(extras!$E$4*$D$2)))) | H75: =$E$2*(G75^2*(3-2*G75))
A76: =$D$2*(74)/200 | B76: 0.024185197 | C76: 0.010191526 | D76: =extras!$B$3 | E76: =extras!$B$6 | F76: =(1-H76)*B76+H76*C76 | G76: =IF($D$2=0,0,MAX(0,MIN(1,(A76-extras!$E$3*$D$2)/(extras!$E$4*$D$2)))) | H76: =$E$2*(G76^2*(3-2*G76))
A77: =$D$2*(75)/200 | B77: 0.024435852 | C77: 0.010408637 | D77: =extras!$B$3 | E77: =extras!$B$6 | F77: =(1-H77)*B77+H77*C77 | G77: =IF($D$2=0,0,MAX(0,MIN(1,(A77-extras!$E$3*$D$2)/(extras!$E$4*$D$2)))) | H77: =$E$2*(G77^2*(3-2*G77))
A78: =$D$2*(76)/200 | B78: 0.024684489 | C78: 0.010625461 | D78: =extras!$B$3 | E78: =extras!$B$6 | F78: =(1-H78)*B78+H78*C78 | G78: =IF($D$2=0,0,MAX(0,MIN(1,(A78-extras!$E$3*$D$2)/(extras!$E$4*$D$2)))) | H78: =$E$2*(G78^2*(3-2*G78))
A79: =$D$2*(77)/200 | B79: 0.024931109 | C79: 0.010841897 | D79: =extras!$B$3 | E79: =extras!$B$6 | F79: =(1-H79)*B79+H79*C79 | G79: =IF($D$2=0,0,MAX(0,MIN(1,(A79-extras!$E$3*$D$2)/(extras!$E$4*$D$2)))) | H79: =$E$2*(G79^2*(3-2*G79))
A80: =$D$2*(78)/200 | B80: 0.025175714 | C80: 0.011057849 | D80: =extras!$B$3 | E80: =extras!$B$6 | F80: =(1-H80)*B80+H80*C80 | G80: =IF($D$2=0,0,MAX(0,MIN(1,(A80-extras!$E$3*$D$2)/(extras!$E$4*$D$2)))) | H80: =$E$2*(G80^2*(3-2*G80))
A81: =$D$2*(79)/200 | B81: 0.025418303 | C81: 0.011273225 | D81: =extras!$B$3 | E81: =extras!$B$6 | F81: =(1-H81)*B81+H81*C81 | G81: =IF($D$2=0,0,MAX(0,MIN(1,(A81-extras!$E$3*$D$2)/(extras!$E$4*$D$2)))) | H81: =$E$2*(G81^2*(3-2*G81))
A82: =$D$2*(80)/200 | B82: 0.025658876 | C82: 0.011487938 | D82: =extras!$B$3 | E82: =extras!$B$6 | F82: =(1-H82)*B82+H82*C82 | G82: =IF($D$2=0,0,MAX(0,MIN(1,(A82-extras!$E$3*$D$2)/(extras!$E$4*$D$2)))) | H82: =$E$2*(G82^2*(3-2*G82))
A83: =$D$2*(81)/200 | B83: 0.025897435 | C83: 0.011701908 | D83: =extras!$B$3 | E83: =extras!$B$6 | F83: =(1-H83)*B83+H83*C83 | G83: =IF($D$2=0,0,MAX(0,MIN(1,(A83-extras!$E$3*$D$2)/(extras!$E$4*$D$2)))) | H83: =$E$2*(G83^2*(3-2*G83))
A84: =$D$2*(82)/200 | B84: 0.02613398 | C84: 0.011915058 | D84: =extras!$B$3 | E84: =extras!$B$6 | F84: =(1-H84)*B84+H84*C84 | G84: =IF($D$2=0,0,MAX(0,MIN(1,(A84-extras!$E$3*$D$2)/(extras!$E$4*$D$2)))) | H84: =$E$2*(G84^2*(3-2*G84))
A85: =$D$2*(83)/200 | B85: 0.026368511 | C85: 0.012127319 | D85: =extras!$B$3 | E85: =extras!$B$6 | F85: =(1-H85)*B85+H85*C85 | G85: =IF($D$2=0,0,MAX(0,MIN(1,(A85-extras!$E$3*$D$2)/(extras!$E$4*$D$2)))) | H85: =$E$2*(G85^2*(3-2*G85))
A86: =$D$2*(84)/200 | B86: 0.026601028 | C86: 0.012338628 | D86: =extras!$B$3 | E86: =extras!$B$6 | F86: =(1-H86)*B86+H86*C86 | G86: =IF($D$2=0,0,MAX(0,MIN(1,(A86-extras!$E$3*$D$2)/(extras!$E$4*$D$2)))) | H86: =$E$2*(G86^2*(3-2*G86))
A87: =$D$2*(85)/200 | B87: 0.026831533 | C87: 0.012548928 | D87: =extras!$B$3 | E87: =extras!$B$6 | F87: =(1-H87)*B87+H87*C87 | G87: =IF($D$2=0,0,MAX(0,MIN(1,(A87-extras!$E$3*$D$2)/(extras!$E$4*$D$2)))) | H87: =$E$2*(G87^2*(3-2*G87))
A88: =$D$2*(86)/200 | B88: 0.027060025 | C88: 0.012758168 | D88: =extras!$B$3 | E88: =extras!$B$6 | F88: =(1-H88)*B88+H88*C88 | G88: =IF($D$2=0,0,MAX(0,MIN(1,(A88-extras!$E$3*$D$2)/(extras!$E$4*$D$2)))) | H88: =$E$2*(G88^2*(3-2*G88))
A89: =$D$2*(87)/200 | B89: 0.027286505 | C89: 0.012966305 | D89: =extras!$B$3 | E89: =extras!$B$6 | F89: =(1-H89)*B89+H89*C89 | G89: =IF($D$2=0,0,MAX(0,MIN(1,(A89-extras!$E$3*$D$2)/(extras!$E$4*$D$2)))) | H89: =$E$2*(G89^2*(3-2*G89))
A90: =$D$2*(88)/200 | B90: 0.027510974 | C90: 0.013173302 | D90: =extras!$B$3 | E90: =extras!$B$6 | F90: =(1-H90)*B90+H90*C90 | G90: =IF($D$2=0,0,MAX(0,MIN(1,(A90-extras!$E$3*$D$2)/(extras!$E$4*$D$2)))) | H90: =$E$2*(G90^2*(3-2*G90))
A91: =$D$2*(89)/200 | B91: 0.027733431 | C91: 0.013379129 | D91: =extras!$B$3 | E91: =extras!$B$6 | F91: =(1-H91)*B91+H91*C91 | G91: =IF($D$2=0,0,MAX(0,MIN(1,(A91-extras!$E$3*$D$2)/(extras!$E$4*$D$2)))) | H91: =$E$2*(G91^2*(3-2*G91))
A92: =$D$2*(90)/200 | B92: 0.027953878 | C92: 0.013583761 | D92: =extras!$B$3 | E92: =extras!$B$6 | F92: =(1-H92)*B92+H92*C92 | G92: =IF($D$2=0,0,MAX(0,MIN(1,(A92-extras!$E$3*$D$2)/(extras!$E$4*$D$2)))) | H92: =$E$2*(G92^2*(3-2*G92))
A93: =$D$2*(91)/200 | B93: 0.028172314 | C93: 0.013787185 | D93: =extras!$B$3 | E93: =extras!$B$6 | F93: =(1-H93)*B93+H93*C93 | G93: =IF($D$2=0,0,MAX(0,MIN(1,(A93-extras!$E$3*$D$2)/(extras!$E$4*$D$2)))) | H93: =$E$2*(G93^2*(3-2*G93))
A94: =$D$2*(92)/200 | B94: 0.028388741 | C94: 0.013989389 | D94: =extras!$B$3 | E94: =extras!$B$6 | F94: =(1-H94)*B94+H94*C94 | G94: =IF($D$2=0,0,MAX(0,MIN(1,(A94-extras!$E$3*$D$2)/(extras!$E$4*$D$2)))) | H94: =$E$2*(G94^2*(3-2*G94))
A95: =$D$2*(93)/200 | B95: 0.028603158 | C95: 0.014190373 | D95: =extras!$B$3 | E95: =extras!$B$6 | F95: =(1-H95)*B95+H95*C95 | G95: =IF($D$2=0,0,MAX(0,MIN(1,(A95-extras!$E$3*$D$2)/(extras!$E$4*$D$2)))) | H95: =$E$2*(G95^2*(3-2*G95))
A96: =$D$2*(94)/200 | B96: 0.028815566 | C96: 0.014390141 | D96: =extras!$B$3 | E96: =extras!$B$6 | F96: =(1-H96)*B96+H96*C96 | G96: =IF($D$2=0,0,MAX(0,MIN(1,(A96-extras!$E$3*$D$2)/(extras!$E$4*$D$2)))) | H96: =$E$2*(G96^2*(3-2*G96))
A97: =$D$2*(95)/200 | B97: 0.029025965 | C97: 0.014588705 | D97: =extras!$B$3 | E97: =extras!$B$6 | F97: =(1-H97)*B97+H97*C97 | G97: =IF($D$2=0,0,MAX(0,MIN(1,(A97-extras!$E$3*$D$2)/(extras!$E$4*$D$2)))) | H97: =$E$2*(G97^2*(3-2*G97))
A98: =$D$2*(96)/200 | B98: 0.029234356 | C98: 0.014786083 | D98: =extras!$B$3 | E98: =extras!$B$6 | F98: =(1-H98)*B98+H98*C98 | G98: =IF($D$2=0,0,MAX(0,MIN(1,(A98-extras!$E$3*$D$2)/(extras!$E$4*$D$2)))) | H98: =$E$2*(G98^2*(3-2*G98))
A99: =$D$2*(97)/200 | B99: 0.02944074 | C99: 0.014982302 | D99: =extras!$B$3 | E99: =extras!$B$6 | F99: =(1-H99)*B99+H99*C99 | G99: =IF($D$2=0,0,MAX(0,MIN(1,(A99-extras!$E$3*$D$2)/(extras!$E$4*$D$2)))) | H99: =$E$2*(G99^2*(3-2*G99))
A100: =$D$2*(98)/200 | B100: 0.029645115 | C100: 0.015177392 | D100: =extras!$B$3 | E100: =extras!$B$6 | F100: =(1-H100)*B100+H100*C100 | G100: =IF($D$2=0,0,MAX(0,MIN(1,(A100-extras!$E$3*$D$2)/(extras!$E$4*$D$2)))) | H100: =$E$2*(G100^2*(3-2*G100))
...

Sheet extras
A1: Parameters | D1: Blend parameters (used by 'blend' sheet)
A2: Name | B2: Value | D2: Name | E2: Value
A3: L_m | B3: 0.5 | D3: blend_start_fracL | E3: 0.2
A4: D_m | B4: 0.08 | D4: blend_span_fracL | E4: 0.6
A5: R_m | B5: =$B$4/2 | D5: blend_function | E5: smoothstep (3t^2-2t^3)
A6: alpha_max | B6: 0.65
A7: bump_A_frac | B7: 0.1
A8: bump_c_fracL | B8: 0.45
A9: bump_w_fracL | B9: 0.18
A10: x_m | B10: r_ogive_m | C10: r_fish_m
A11: =$B$3*(ROW()-11)/(201-1) | B11: =SQRT( MAX( ((($B$5^2+$B$3^2)/(2*$B$5))^2) - ($B$3-A11)^2 , 0) ) - ((($B$5^2+$B$3^2)/(2*$B$5)) - $B$5) | C11: =MIN($B$5, $B$5*(1-COS(PI()*A11/(2*$B$3))) + ($B$7*$B$5)*EXP(-0.5*((A11/$B$3-$B$8)/$B$9)^2) )
A12: =$B$3*1/200 | B12: =SQRT(MAX((($B$5^2+$B$3^2)/(2*$B$5))^2-($B$3-A12)^2,0))-((($B$5^2+$B$3^2)/(2*$B$5))-$B$5) | C12: =MIN($B$5, $B$5*(1-COS(PI()*A12/(2*$B$3))) + ($B$7*$B$5)*EXP(-0.5*((A12/$B$3-$B$8)/$B$9)^2) )
A13: =$B$3*2/200 | B13: =SQRT(MAX((($B$5^2+$B$3^2)/(2*$B$5))^2-($B$3-A13)^2,0))-((($B$5^2+$B$3^2)/(2*$B$5))-$B$5) | C13: =MIN($B$5, $B$5*(1-COS(PI()*A13/(2*$B$3))) + ($B$7*$B$5)*EXP(-0.5*((A13/$B$3-$B$8)/$B$9)^2) )
A14: =$B$3*3/200 | B14: =SQRT(MAX((($B$5^2+$B$3^2)/(2*$B$5))^2-($B$3-A14)^2,0))-((($B$5^2+$B$3^2)/(2*$B$5))-$B$5) | C14: =MIN($B$5, $B$5*(1-COS(PI()*A14/(2*$B$3))) + ($B$7*$B$5)*EXP(-0.5*((A14/$B$3-$B$8)/$B$9)^2) )
A15: =$B$3*4/200 | B15: =SQRT(MAX((($B$5^2+$B$3^2)/(2*$B$5))^2-($B$3-A15)^2,0))-((($B$5^2+$B$3^2)/(2*$B$5))-$B$5) | C15: =MIN($B$5, $B$5*(1-COS(PI()*A15/(2*$B$3))) + ($B$7*$B$5)*EXP(-0.5*((A15/$B$3-$B$8)/$B$9)^2) )
A16: =$B$3*5/200 | B16: =SQRT(MAX((($B$5^2+$B$3^2)/(2*$B$5))^2-($B$3-A16)^2,0))-((($B$5^2+$B$3^2)/(2*$B$5))-$B$5) | C16: =MIN($B$5, $B$5*(1-COS(PI()*A16/(2*$B$3))) + ($B$7*$B$5)*EXP(-0.5*((A16/$B$3-$B$8)/$B$9)^2) )
A17: =$B$3*6/200 | B17: =SQRT(MAX((($B$5^2+$B$3^2)/(2*$B$5))^2-($B$3-A17)^2,0))-((($B$5^2+$B$3^2)/(2*$B$5))-$B$5) | C17: =MIN($B$5, $B$5*(1-COS(PI()*A17/(2*$B$3))) + ($B$7*$B$5)*EXP(-0.5*((A17/$B$3-$B$8)/$B$9)^2) )
A18: =$B$3*7/200 | B18: =SQRT(MAX((($B$5^2+$B$3^2)/(2*$B$5))^2-($B$3-A18)^2,0))-((($B$5^2+$B$3^2)/(2*$B$5))-$B$5) | C18: =MIN($B$5, $B$5*(1-COS(PI()*A18/(2*$B$3))) + ($B$7*$B$5)*EXP(-0.5*((A18/$B$3-$B$8)/$B$9)^2) )
A19: =$B$3*8/200 | B19: =SQRT(MAX((($B$5^2+$B$3^2)/(2*$B$5))^2-($B$3-A19)^2,0))-((($B$5^2+$B$3^2)/(2*$B$5))-$B$5) | C19: =MIN($B$5, $B$5*(1-COS(PI()*A19/(2*$B$3))) + ($B$7*$B$5)*EXP(-0.5*((A19/$B$3-$B$8)/$B$9)^2) )
A20: =$B$3*9/200 | B20: =SQRT(MAX((($B$5^2+$B$3^2)/(2*$B$5))^2-($B$3-A20)^2,0))-((($B$5^2+$B$3^2)/(2*$B$5))-$B$5) | C20: =MIN($B$5, $B$5*(1-COS(PI()*A20/(2*$B$3))) + ($B$7*$B$5)*EXP(-0.5*((A20/$B$3-$B$8)/$B$9)^2) )
A21: =$B$3*10/200 | B21: =SQRT(MAX((($B$5^2+$B$3^2)/(2*$B$5))^2-($B$3-A21)^2,0))-((($B$5^2+$B$3^2)/(2*$B$5))-$B$5) | C21: =MIN($B$5, $B$5*(1-COS(PI()*A21/(2*$B$3))) + ($B$7*$B$5)*EXP(-0.5*((A21/$B$3-$B$8)/$B$9)^2) )
A22: =$B$3*11/200 | B22: =SQRT(MAX((($B$5^2+$B$3^2)/(2*$B$5))^2-($B$3-A22)^2,0))-((($B$5^2+$B$3^2)/(2*$B$5))-$B$5) | C22: =MIN($B$5, $B$5*(1-COS(PI()*A22/(2*$B$3))) + ($B$7*$B$5)*EXP(-0.5*((A22/$B$3-$B$8)/$B$9)^2) )
A23: =$B$3*12/200 | B23: =SQRT(MAX((($B$5^2+$B$3^2)/(2*$B$5))^2-($B$3-A23)^2,0))-((($B$5^2+$B$3^2)/(2*$B$5))-$B$5) | C23: =MIN($B$5, $B$5*(1-COS(PI()*A23/(2*$B$3))) + ($B$7*$B$5)*EXP(-0.5*((A23/$B$3-$B$8)/$B$9)^2) )
A24: =$B$3*13/200 | B24: =SQRT(MAX((($B$5^2+$B$3^2)/(2*$B$5))^2-($B$3-A24)^2,0))-((($B$5^2+$B$3^2)/(2*$B$5))-$B$5) | C24: =MIN($B$5, $B$5*(1-COS(PI()*A24/(2*$B$3))) + ($B$7*$B$5)*EXP(-0.5*((A24/$B$3-$B$8)/$B$9)^2) )
A25: =$B$3*14/200 | B25: =SQRT(MAX((($B$5^2+$B$3^2)/(2*$B$5))^2-($B$3-A25)^2,0))-((($B$5^2+$B$3^2)/(2*$B$5))-$B$5) | C25: =MIN($B$5, $B$5*(1-COS(PI()*A25/(2*$B$3))) + ($B$7*$B$5)*EXP(-0.5*((A25/$B$3-$B$8)/$B$9)^2) )
A26: =$B$3*15/200 | B26: =SQRT(MAX((($B$5^2+$B$3^2)/(2*$B$5))^2-($B$3-A26)^2,0))-((($B$5^2+$B$3^2)/(2*$B$5))-$B$5) | C26: =MIN($B$5, $B$5*(1-COS(PI()*A26/(2*$B$3))) + ($B$7*$B$5)*EXP(-0.5*((A26/$B$3-$B$8)/$B$9)^2) )
A27: =$B$3*16/200 | B27: =SQRT(MAX((($B$5^2+$B$3^2)/(2*$B$5))^2-($B$3-A27)^2,0))-((($B$5^2+$B$3^2)/(2*$B$5))-$B$5) | C27: =MIN($B$5, $B$5*(1-COS(PI()*A27/(2*$B$3))) + ($B$7*$B$5)*EXP(-0.5*((A27/$B$3-$B$8)/$B$9)^2) )
A28: =$B$3*17/200 | B28: =SQRT(MAX((($B$5^2+$B$3^2)/(2*$B$5))^2-($B$3-A28)^2,0))-((($B$5^2+$B$3^2)/(2*$B$5))-$B$5) | C28: =MIN($B$5, $B$5*(1-COS(PI()*A28/(2*$B$3))) + ($B$7*$B$5)*EXP(-0.5*((A28/$B$3-$B$8)/$B$9)^2) )
A29: =$B$3*18/200 | B29: =SQRT(MAX((($B$5^2+$B$3^2)/(2*$B$5))^2-($B$3-A29)^2,0))-((($B$5^2+$B$3^2)/(2*$B$5))-$B$5) | C29: =MIN($B$5, $B$5*(1-COS(PI()*A29/(2*$B$3))) + ($B$7*$B$5)*EXP(-0.5*((A29/$B$3-$B$8)/$B$9)^2) )
A30: =$B$3*19/200 | B30: =SQRT(MAX((($B$5^2+$B$3^2)/(2*$B$5))^2-($B$3-A30)^2,0))-((($B$5^2+$B$3^2)/(2*$B$5))-$B$5) | C30: =MIN($B$5, $B$5*(1-COS(PI()*A30/(2*$B$3))) + ($B$7*$B$5)*EXP(-0.5*((A30/$B$3-$B$8)/$B$9)^2) )
A31: =$B$3*20/200 | B31: =SQRT(MAX((($B$5^2+$B$3^2)/(2*$B$5))^2-($B$3-A31)^2,0))-((($B$5^2+$B$3^2)/(2*$B$5))-$B$5) | C31: =MIN($B$5, $B$5*(1-COS(PI()*A31/(2*$B$3))) + ($B$7*$B$5)*EXP(-0.5*((A31/$B$3-$B$8)/$B$9)^2) )
A32: =$B$3*21/200 | B32: =SQRT(MAX((($B$5^2+$B$3^2)/(2*$B$5))^2-($B$3-A32)^2,0))-((($B$5^2+$B$3^2)/(2*$B$5))-$B$5) | C32: =MIN($B$5, $B$5*(1-COS(PI()*A32/(2*$B$3))) + ($B$7*$B$5)*EXP(-0.5*((A32/$B$3-$B$8)/$B$9)^2) )
A33: =$B$3*22/200 | B33: =SQRT(MAX((($B$5^2+$B$3^2)/(2*$B$5))^2-($B$3-A33)^2,0))-((($B$5^2+$B$3^2)/(2*$B$5))-$B$5) | C33: =MIN($B$5, $B$5*(1-COS(PI()*A33/(2*$B$3))) + ($B$7*$B$5)*EXP(-0.5*((A33/$B$3-$B$8)/$B$9)^2) )
A34: =$B$3*23/200 | B34: =SQRT(MAX((($B$5^2+$B$3^2)/(2*$B$5))^2-($B$3-A34)^2,0))-((($B$5^2+$B$3^2)/(2*$B$5))-$B$5) | C34: =MIN($B$5, $B$5*(1-COS(PI()*A34/(2*$B$3))) + ($B$7*$B$5)*EXP(-0.5*((A34/$B$3-$B$8)/$B$9)^2) )
A35: =$B$3*24/200 | B35: =SQRT(MAX((($B$5^2+$B$3^2)/(2*$B$5))^2-($B$3-A35)^2,0))-((($B$5^2+$B$3^2)/(2*$B$5))-$B$5) | C35: =MIN($B$5, $B$5*(1-COS(PI()*A35/(2*$B$3))) + ($B$7*$B$5)*EXP(-0.5*((A35/$B$3-$B$8)/$B$9)^2) )
A36: =$B$3*25/200 | B36: =SQRT(MAX((($B$5^2+$B$3^2)/(2*$B$5))^2-($B$3-A36)^2,0))-((($B$5^2+$B$3^2)/(2*$B$5))-$B$5) | C36: =MIN($B$5, $B$5*(1-COS(PI()*A36/(2*$B$3))) + ($B$7*$B$5)*EXP(-0.5*((A36/$B$3-$B$8)/$B$9)^2) )
A37: =$B$3*26/200 | B37: =SQRT(MAX((($B$5^2+$B$3^2)/(2*$B$5))^2-($B$3-A37)^2,0))-((($B$5^2+$B$3^2)/(2*$B$5))-$B$5) | C37: =MIN($B$5, $B$5*(1-COS(PI()*A37/(2*$B$3))) + ($B$7*$B$5)*EXP(-0.5*((A37/$B$3-$B$8)/$B$9)^2) )
A38: =$B$3*27/200 | B38: =SQRT(MAX((($B$5^2+$B$3^2)/(2*$B$5))^2-($B$3-A38)^2,0))-((($B$5^2+$B$3^2)/(2*$B$5))-$B$5) | C38: =MIN($B$5, $B$5*(1-COS(PI()*A38/(2*$B$3))) + ($B$7*$B$5)*EXP(-0.5*((A38/$B$3-$B$8)/$B$9)^2) )
A39: =$B$3*28/200 | B39: =SQRT(MAX((($B$5^2+$B$3^2)/(2*$B$5))^2-($B$3-A39)^2,0))-((($B$5^2+$B$3^2)/(2*$B$5))-$B$5) | C39: =MIN($B$5, $B$5*(1-COS(PI()*A39/(2*$B$3))) + ($B$7*$B$5)*EXP(-0.5*((A39/$B$3-$B$8)/$B$9)^2) )
A40: =$B$3*29/200 | B40: =SQRT(MAX((($B$5^2+$B$3^2)/(2*$B$5))^2-($B$3-A40)^2,0))-((($B$5^2+$B$3^2)/(2*$B$5))-$B$5) | C40: =MIN($B$5, $B$5*(1-COS(PI()*A40/(2*$B$3))) + ($B$7*$B$5)*EXP(-0.5*((A40/$B$3-$B$8)/$B$9)^2) )
A41: =$B$3*30/200 | B41: =SQRT(MAX((($B$5^2+$B$3^2)/(2*$B$5))^2-($B$3-A41)^2,0))-((($B$5^2+$B$3^2)/(2*$B$5))-$B$5) | C41: =MIN($B$5, $B$5*(1-COS(PI()*A41/(2*$B$3))) + ($B$7*$B$5)*EXP(-0.5*((A41/$B$3-$B$8)/$B$9)^2) )
A42: =$B$3*31/200 | B42: =SQRT(MAX((($B$5^2+$B$3^2)/(2*$B$5))^2-($B$3-A42)^2,0))-((($B$5^2+$B$3^2)/(2*$B$5))-$B$5) | C42: =MIN($B$5, $B$5*(1-COS(PI()*A42/(2*$B$3))) + ($B$7*$B$5)*EXP(-0.5*((A42/$B$3-$B$8)/$B$9)^2) )
A43: =$B$3*32/200 | B43: =SQRT(MAX((($B$5^2+$B$3^2)/(2*$B$5))^2-($B$3-A43)^2,0))-((($B$5^2+$B$3^2)/(2*$B$5))-$B$5) | C43: =MIN($B$5, $B$5*(1-COS(PI()*A43/(2*$B$3))) + ($B$7*$B$5)*EXP(-0.5*((A43/$B$3-$B$8)/$B$9)^2) )
A44: =$B$3*33/200 | B44: =SQRT(MAX((($B$5^2+$B$3^2)/(2*$B$5))^2-($B$3-A44)^2,0))-((($B$5^2+$B$3^2)/(2*$B$5))-$B$5) | C44: =MIN($B$5, $B$5*(1-COS(PI()*A44/(2*$B$3))) + ($B$7*$B$5)*EXP(-0.5*((A44/$B$3-$B$8)/$B$9)^2) )
A45: =$B$3*34/200 | B45: =SQRT(MAX((($B$5^2+$B$3^2)/(2*$B$5))^2-($B$3-A45)^2,0))-((($B$5^2+$B$3^2)/(2*$B$5))-$B$5) | C45: =MIN($B$5, $B$5*(1-COS(PI()*A45/(2*$B$3))) + ($B$7*$B$5)*EXP(-0.5*((A45/$B$3-$B$8)/$B$9)^2) )
A46: =$B$3*35/200 | B46: =SQRT(MAX((($B$5^2+$B$3^2)/(2*$B$5))^2-($B$3-A46)^2,0))-((($B$5^2+$B$3^2)/(2*$B$5))-$B$5) | C46: =MIN($B$5, $B$5*(1-COS(PI()*A46/(2*$B$3))) + ($B$7*$B$5)*EXP(-0.5*((A46/$B$3-$B$8)/$B$9)^2) )
A47: =$B$3*36/200 | B47: =SQRT(MAX((($B$5^2+$B$3^2)/(2*$B$5))^2-($B$3-A47)^2,0))-((($B$5^2+$B$3^2)/(2*$B$5))-$B$5) | C47: =MIN($B$5, $B$5*(1-COS(PI()*A47/(2*$B$3))) + ($B$7*$B$5)*EXP(-0.5*((A47/$B$3-$B$8)/$B$9)^2) )
A48: =$B$3*37/200 | B48: =SQRT(MAX((($B$5^2+$B$3^2)/(2*$B$5))^2-($B$3-A48)^2,0))-((($B$5^2+$B$3^2)/(2*$B$5))-$B$5) | C48: =MIN($B$5, $B$5*(1-COS(PI()*A48/(2*$B$3))) + ($B$7*$B$5)*EXP(-0.5*((A48/$B$3-$B$8)/$B$9)^2) )
A49: =$B$3*38/200 | B49: =SQRT(MAX((($B$5^2+$B$3^2)/(2*$B$5))^2-($B$3-A49)^2,0))-((($B$5^2+$B$3^2)/(2*$B$5))-$B$5) | C49: =MIN($B$5, $B$5*(1-COS(PI()*A49/(2*$B$3))) + ($B$7*$B$5)*EXP(-0.5*((A49/$B$3-$B$8)/$B$9)^2) )
A50: =$B$3*39/200 | B50: =SQRT(MAX((($B$5^2+$B$3^2)/(2*$B$5))^2-($B$3-A50)^2,0))-((($B$5^2+$B$3^2)/(2*$B$5))-$B$5) | C50: =MIN($B$5, $B$5*(1-COS(PI()*A50/(2*$B$3))) + ($B$7*$B$5)*EXP(-0.5*((A50/$B$3-$B$8)/$B$9)^2) )
A51: =$B$3*40/200 | B51: =SQRT(MAX((($B$5^2+$B$3^2)/(2*$B$5))^2-($B$3-A51)^2,0))-((($B$5^2+$B$3^2)/(2*$B$5))-$B$5) | C51: =MIN($B$5, $B$5*(1-COS(PI()*A51/(2*$B$3))) + ($B$7*$B$5)*EXP(-0.5*((A51/$B$3-$B$8)/$B$9)^2) )
A52: =$B$3*41/200 | B52: =SQRT(MAX((($B$5^2+$B$3^2)/(2*$B$5))^2-($B$3-A52)^2,0))-((($B$5^2+$B$3^2)/(2*$B$5))-$B$5) | C52: =MIN($B$5, $B$5*(1-COS(PI()*A52/(2*$B$3))) + ($B$7*$B$5)*EXP(-0.5*((A52/$B$3-$B$8)/$B$9)^2) )
A53: =$B$3*42/200 | B53: =SQRT(MAX((($B$5^2+$B$3^2)/(2*$B$5))^2-($B$3-A53)^2,0))-((($B$5^2+$B$3^2)/(2*$B$5))-$B$5) | C53: =MIN($B$5, $B$5*(1-COS(PI()*A53/(2*$B$3))) + ($B$7*$B$5)*EXP(-0.5*((A53/$B$3-$B$8)/$B$9)^2) )
A54: =$B$3*43/200 | B54: =SQRT(MAX((($B$5^2+$B$3^2)/(2*$B$5))^2-($B$3-A54)^2,0))-((($B$5^2+$B$3^2)/(2*$B$5))-$B$5) | C54: =MIN($B$5, $B$5*(1-COS(PI()*A54/(2*$B$3))) + ($B$7*$B$5)*EXP(-0.5*((A54/$B$3-$B$8)/$B$9)^2) )
A55: =$B$3*44/200 | B55: =SQRT(MAX((($B$5^2+$B$3^2)/(2*$B$5))^2-($B$3-A55)^2,0))-((($B$5^2+$B$3^2)/(2*$B$5))-$B$5) | C55: =MIN($B$5, $B$5*(1-COS(PI()*A55/(2*$B$3))) + ($B$7*$B$5)*EXP(-0.5*((A55/$B$3-$B$8)/$B$9)^2) )
A56: =$B$3*45/200 | B56: =SQRT(MAX((($B$5^2+$B$3^2)/(2*$B$5))^2-($B$3-A56)^2,0))-((($B$5^2+$B$3^2)/(2*$B$5))-$B$5) | C56: =MIN($B$5, $B$5*(1-COS(PI()*A56/(2*$B$3))) + ($B$7*$B$5)*EXP(-0.5*((A56/$B$3-$B$8)/$B$9)^2) )
A57: =$B$3*46/200 | B57: =SQRT(MAX((($B$5^2+$B$3^2)/(2*$B$5))^2-($B$3-A57)^2,0))-((($B$5^2+$B$3^2)/(2*$B$5))-$B$5) | C57: =MIN($B$5, $B$5*(1-COS(PI()*A57/(2*$B$3))) + ($B$7*$B$5)*EXP(-0.5*((A57/$B$3-$B$8)/$B$9)^2) )
A58: =$B$3*47/200 | B58: =SQRT(MAX((($B$5^2+$B$3^2)/(2*$B$5))^2-($B$3-A58)^2,0))-((($B$5^2+$B$3^2)/(2*$B$5))-$B$5) | C58: =MIN($B$5, $B$5*(1-COS(PI()*A58/(2*$B$3))) + ($B$7*$B$5)*EXP(-0.5*((A58/$B$3-$B$8)/$B$9)^2) )
A59: =$B$3*48/200 | B59: =SQRT(MAX((($B$5^2+$B$3^2)/(2*$B$5))^2-($B$3-A59)^2,0))-((($B$5^2+$B$3^2)/(2*$B$5))-$B$5) | C59: =MIN($B$5, $B$5*(1-COS(PI()*A59/(2*$B$3))) + ($B$7*$B$5)*EXP(-0.5*((A59/$B$3-$B$8)/$B$9)^2) )
A60: =$B$3*49/200 | B60: =SQRT(MAX((($B$5^2+$B$3^2)/(2*$B$5))^2-($B$3-A60)^2,0))-((($B$5^2+$B$3^2)/(2*$B$5))-$B$5) | C60: =MIN($B$5, $B$5*(1-COS(PI()*A60/(2*$B$3))) + ($B$7*$B$5)*EXP(-0.5*((A60/$B$3-$B$8)/$B$9)^2) )
A61: =$B$3*50/200 | B61: =SQRT(MAX((($B$5^2+$B$3^2)/(2*$B$5))^2-($B$3-A61)^2,0))-((($B$5^2+$B$3^2)/(2*$B$5))-$B$5) | C61: =MIN($B$5, $B$5*(1-COS(PI()*A61/(2*$B$3))) + ($B$7*$B$5)*EXP(-0.5*((A61/$B$3-$B$8)/$B$9)^2) )
A62: =$B$3*51/200 | B62: =SQRT(MAX((($B$5^2+$B$3^2)/(2*$B$5))^2-($B$3-A62)^2,0))-((($B$5^2+$B$3^2)/(2*$B$5))-$B$5) | C62: =MIN($B$5, $B$5*(1-COS(PI()*A62/(2*$B$3))) + ($B$7*$B$5)*EXP(-0.5*((A62/$B$3-$B$8)/$B$9)^2) )
A63: =$B$3*52/200 | B63: =SQRT(MAX((($B$5^2+$B$3^2)/(2*$B$5))^2-($B$3-A63)^2,0))-((($B$5^2+$B$3^2)/(2*$B$5))-$B$5) | C63: =MIN($B$5, $B$5*(1-COS(PI()*A63/(2*$B$3))) + ($B$7*$B$5)*EXP(-0.5*((A63/$B$3-$B$8)/$B$9)^2) )
A64: =$B$3*53/200 | B64: =SQRT(MAX((($B$5^2+$B$3^2)/(2*$B$5))^2-($B$3-A64)^2,0))-((($B$5^2+$B$3^2)/(2*$B$5))-$B$5) | C64: =MIN($B$5, $B$5*(1-COS(PI()*A64/(2*$B$3))) + ($B$7*$B$5)*EXP(-0.5*((A64/$B$3-$B$8)/$B$9)^2) )
A65: =$B$3*54/200 | B65: =SQRT(MAX((($B$5^2+$B$3^2)/(2*$B$5))^2-($B$3-A65)^2,0))-((($B$5^2+$B$3^2)/(2*$B$5))-$B$5) | C65: =MIN($B$5, $B$5*(1-COS(PI()*A65/(2*$B$3))) + ($B$7*$B$5)*EXP(-0.5*((A65/$B$3-$B$8)/$B$9)^2) )
A66: =$B$3*55/200 | B66: =SQRT(MAX((($B$5^2+$B$3^2)/(2*$B$5))^2-($B$3-A66)^2,0))-((($B$5^2+$B$3^2)/(2*$B$5))-$B$5) | C66: =MIN($B$5, $B$5*(1-COS(PI()*A66/(2*$B$3))) + ($B$7*$B$5)*EXP(-0.5*((A66/$B$3-$B$8)/$B$9)^2) )
A67: =$B$3*56/200 | B67: =SQRT(MAX((($B$5^2+$B$3^2)/(2*$B$5))^2-($B$3-A67)^2,0))-((($B$5^2+$B$3^2)/(2*$B$5))-$B$5) | C67: =MIN($B$5, $B$5*(1-COS(PI()*A67/(2*$B$3))) + ($B$7*$B$5)*EXP(-0.5*((A67/$B$3-$B$8)/$B$9)^2) )
A68: =$B$3*57/200 | B68: =SQRT(MAX((($B$5^2+$B$3^2)/(2*$B$5))^2-($B$3-A68)^2,0))-((($B$5^2+$B$3^2)/(2*$B$5))-$B$5) | C68: =MIN($B$5, $B$5*(1-COS(PI()*A68/(2*$B$3))) + ($B$7*$B$5)*EXP(-0.5*((A68/$B$3-$B$8)/$B$9)^2) )
A69: =$B$3*58/200 | B69: =SQRT(MAX((($B$5^2+$B$3^2)/(2*$B$5))^2-($B$3-A69)^2,0))-((($B$5^2+$B$3^2)/(2*$B$5))-$B$5) | C69: =MIN($B$5, $B$5*(1-COS(PI()*A69/(2*$B$3))) + ($B$7*$B$5)*EXP(-0.5*((A69/$B$3-$B$8)/$B$9)^2) )
A70: =$B$3*59/200 | B70: =SQRT(MAX((($B$5^2+$B$3^2)/(2*$B$5))^2-($B$3-A70)^2,0))-((($B$5^2+$B$3^2)/(2*$B$5))-$B$5) | C70: =MIN($B$5, $B$5*(1-COS(PI()*A70/(2*$B$3))) + ($B$7*$B$5)*EXP(-0.5*((A70/$B$3-$B$8)/$B$9)^2) )
A71: =$B$3*60/200 | B71: =SQRT(MAX((($B$5^2+$B$3^2)/(2*$B$5))^2-($B$3-A71)^2,0))-((($B$5^2+$B$3^2)/(2*$B$5))-$B$5) | C71: =MIN($B$5, $B$5*(1-COS(PI()*A71/(2*$B$3))) + ($B$7*$B$5)*EXP(-0.5*((A71/$B$3-$B$8)/$B$9)^2) )
A72: =$B$3*61/200 | B72: =SQRT(MAX((($B$5^2+$B$3^2)/(2*$B$5))^2-($B$3-A72)^2,0))-((($B$5^2+$B$3^2)/(2*$B$5))-$B$5) | C72: =MIN($B$5, $B$5*(1-COS(PI()*A72/(2*$B$3))) + ($B$7*$B$5)*EXP(-0.5*((A72/$B$3-$B$8)/$B$9)^2) )
A73: =$B$3*62/200 | B73: =SQRT(MAX((($B$5^2+$B$3^2)/(2*$B$5))^2-($B$3-A73)^2,0))-((($B$5^2+$B$3^2)/(2*$B$5))-$B$5) | C73: =MIN($B$5, $B$5*(1-COS(PI()*A73/(2*$B$3))) + ($B$7*$B$5)*EXP(-0.5*((A73/$B$3-$B$8)/$B$9)^2) )
A74: =$B$3*63/200 | B74: =SQRT(MAX((($B$5^2+$B$3^2)/(2*$B$5))^2-($B$3-A74)^2,0))-((($B$5^2+$B$3^2)/(2*$B$5))-$B$5) | C74: =MIN($B$5, $B$5*(1-COS(PI()*A74/(2*$B$3))) + ($B$7*$B$5)*EXP(-0.5*((A74/$B$3-$B$8)/$B$9)^2) )
A75: =$B$3*64/200 | B75: =SQRT(MAX((($B$5^2+$B$3^2)/(2*$B$5))^2-($B$3-A75)^2,0))-((($B$5^2+$B$3^2)/(2*$B$5))-$B$5) | C75: =MIN($B$5, $B$5*(1-COS(PI()*A75/(2*$B$3))) + ($B$7*$B$5)*EXP(-0.5*((A75/$B$3-$B$8)/$B$9)^2) )
A76: =$B$3*65/200 | B76: =SQRT(MAX((($B$5^2+$B$3^2)/(2*$B$5))^2-($B$3-A76)^2,0))-((($B$5^2+$B$3^2)/(2*$B$5))-$B$5) | C76: =MIN($B$5, $B$5*(1-COS(PI()*A76/(2*$B$3))) + ($B$7*$B$5)*EXP(-0.5*((A76/$B$3-$B$8)/$B$9)^2) )
A77: =$B$3*66/200 | B77: =SQRT(MAX((($B$5^2+$B$3^2)/(2*$B$5))^2-($B$3-A77)^2,0))-((($B$5^2+$B$3^2)/(2*$B$5))-$B$5) | C77: =MIN($B$5, $B$5*(1-COS(PI()*A77/(2*$B$3))) + ($B$7*$B$5)*EXP(-0.5*((A77/$B$3-$B$8)/$B$9)^2) )
A78: =$B$3*67/200 | B78: =SQRT(MAX((($B$5^2+$B$3^2)/(2*$B$5))^2-($B$3-A78)^2,0))-((($B$5^2+$B$3^2)/(2*$B$5))-$B$5) | C78: =MIN($B$5, $B$5*(1-COS(PI()*A78/(2*$B$3))) + ($B$7*$B$5)*EXP(-0.5*((A78/$B$3-$B$8)/$B$9)^2) )
A79: =$B$3*68/200 | B79: =SQRT(MAX((($B$5^2+$B$3^2)/(2*$B$5))^2-($B$3-A79)^2,0))-((($B$5^2+$B$3^2)/(2*$B$5))-$B$5) | C79: =MIN($B$5, $B$5*(1-COS(PI()*A79/(2*$B$3))) + ($B$7*$B$5)*EXP(-0.5*((A79/$B$3-$B$8)/$B$9)^2) )
A80: =$B$3*69/200 | B80: =SQRT(MAX((($B$5^2+$B$3^2)/(2*$B$5))^2-($B$3-A80)^2,0))-((($B$5^2+$B$3^2)/(2*$B$5))-$B$5) | C80: =MIN($B$5, $B$5*(1-COS(PI()*A80/(2*$B$3))) + ($B$7*$B$5)*EXP(-0.5*((A80/$B$3-$B$8)/$B$9)^2) )
A81: =$B$3*70/200 | B81: =SQRT(MAX((($B$5^2+$B$3^2)/(2*$B$5))^2-($B$3-A81)^2,0))-((($B$5^2+$B$3^2)/(2*$B$5))-$B$5) | C81: =MIN($B$5, $B$5*(1-COS(PI()*A81/(2*$B$3))) + ($B$7*$B$5)*EXP(-0.5*((A81/$B$3-$B$8)/$B$9)^2) )
A82: =$B$3*71/200 | B82: =SQRT(MAX((($B$5^2+$B$3^2)/(2*$B$5))^2-($B$3-A82)^2,0))-((($B$5^2+$B$3^2)/(2*$B$5))-$B$5) | C82: =MIN($B$5, $B$5*(1-COS(PI()*A82/(2*$B$3))) + ($B$7*$B$5)*EXP(-0.5*((A82/$B$3-$B$8)/$B$9)^2) )
A83: =$B$3*72/200 | B83: =SQRT(MAX((($B$5^2+$B$3^2)/(2*$B$5))^2-($B$3-A83)^2,0))-((($B$5^2+$B$3^2)/(2*$B$5))-$B$5) | C83: =MIN($B$5, $B$5*(1-COS(PI()*A83/(2*$B$3))) + ($B$7*$B$5)*EXP(-0.5*((A83/$B$3-$B$8)/$B$9)^2) )
A84: =$B$3*73/200 | B84: =SQRT(MAX((($B$5^2+$B$3^2)/(2*$B$5))^2-($B$3-A84)^2,0))-((($B$5^2+$B$3^2)/(2*$B$5))-$B$5) | C84: =MIN($B$5, $B$5*(1-COS(PI()*A84/(2*$B$3))) + ($B$7*$B$5)*EXP(-0.5*((A84/$B$3-$B$8)/$B$9)^2) )
A85: =$B$3*74/200 | B85: =SQRT(MAX((($B$5^2+$B$3^2)/(2*$B$5))^2-($B$3-A85)^2,0))-((($B$5^2+$B$3^2)/(2*$B$5))-$B$5) | C85: =MIN($B$5, $B$5*(1-COS(PI()*A85/(2*$B$3))) + ($B$7*$B$5)*EXP(-0.5*((A85/$B$3-$B$8)/$B$9)^2) )
A86: =$B$3*75/200 | B86: =SQRT(MAX((($B$5^2+$B$3^2)/(2*$B$5))^2-($B$3-A86)^2,0))-((($B$5^2+$B$3^2)/(2*$B$5))-$B$5) | C86: =MIN($B$5, $B$5*(1-COS(PI()*A86/(2*$B$3))) + ($B$7*$B$5)*EXP(-0.5*((A86/$B$3-$B$8)/$B$9)^2) )
A87: =$B$3*76/200 | B87: =SQRT(MAX((($B$5^2+$B$3^2)/(2*$B$5))^2-($B$3-A87)^2,0))-((($B$5^2+$B$3^2)/(2*$B$5))-$B$5) | C87: =MIN($B$5, $B$5*(1-COS(PI()*A87/(2*$B$3))) + ($B$7*$B$5)*EXP(-0.5*((A87/$B$3-$B$8)/$B$9)^2) )
A88: =$B$3*77/200 | B88: =SQRT(MAX((($B$5^2+$B$3^2)/(2*$B$5))^2-($B$3-A88)^2,0))-((($B$5^2+$B$3^2)/(2*$B$5))-$B$5) | C88: =MIN($B$5, $B$5*(1-COS(PI()*A88/(2*$B$3))) + ($B$7*$B$5)*EXP(-0.5*((A88/$B$3-$B$8)/$B$9)^2) )
A89: =$B$3*78/200 | B89: =SQRT(MAX((($B$5^2+$B$3^2)/(2*$B$5))^2-($B$3-A89)^2,0))-((($B$5^2+$B$3^2)/(2*$B$5))-$B$5) | C89: =MIN($B$5, $B$5*(1-COS(PI()*A89/(2*$B$3))) + ($B$7*$B$5)*EXP(-0.5*((A89/$B$3-$B$8)/$B$9)^2) )
A90: =$B$3*79/200 | B90: =SQRT(MAX((($B$5^2+$B$3^2)/(2*$B$5))^2-($B$3-A90)^2,0))-((($B$5^2+$B$3^2)/(2*$B$5))-$B$5) | C90: =MIN($B$5, $B$5*(1-COS(PI()*A90/(2*$B$3))) + ($B$7*$B$5)*EXP(-0.5*((A90/$B$3-$B$8)/$B$9)^2) )
A91: =$B$3*80/200 | B91: =SQRT(MAX((($B$5^2+$B$3^2)/(2*$B$5))^2-($B$3-A91)^2,0))-((($B$5^2+$B$3^2)/(2*$B$5))-$B$5) | C91: =MIN($B$5, $B$5*(1-COS(PI()*A91/(2*$B$3))) + ($B$7*$B$5)*EXP(-0.5*((A91/$B$3-$B$8)/$B$9)^2) )
A92: =$B$3*81/200 | B92: =SQRT(MAX((($B$5^2+$B$3^2)/(2*$B$5))^2-($B$3-A92)^2,0))-((($B$5^2+$B$3^2)/(2*$B$5))-$B$5) | C92: =MIN($B$5, $B$5*(1-COS(PI()*A92/(2*$B$3))) + ($B$7*$B$5)*EXP(-0.5*((A92/$B$3-$B$8)/$B$9)^2) )
A93: =$B$3*82/200 | B93: =SQRT(MAX((($B$5^2+$B$3^2)/(2*$B$5))^2-($B$3-A93)^2,0))-((($B$5^2+$B$3^2)/(2*$B$5))-$B$5) | C93: =MIN($B$5, $B$5*(1-COS(PI()*A93/(2*$B$3))) + ($B$7*$B$5)*EXP(-0.5*((A93/$B$3-$B$8)/$B$9)^2) )
A94: =$B$3*83/200 | B94: =SQRT(MAX((($B$5^2+$B$3^2)/(2*$B$5))^2-($B$3-A94)^2,0))-((($B$5^2+$B$3^2)/(2*$B$5))-$B$5) | C94: =MIN($B$5, $B$5*(1-COS(PI()*A94/(2*$B$3))) + ($B$7*$B$5)*EXP(-0.5*((A94/$B$3-$B$8)/$B$9)^2) )
A95: =$B$3*84/200 | B95: =SQRT(MAX((($B$5^2+$B$3^2)/(2*$B$5))^2-($B$3-A95)^2,0))-((($B$5^2+$B$3^2)/(2*$B$5))-$B$5) | C95: =MIN($B$5, $B$5*(1-COS(PI()*A95/(2*$B$3))) + ($B$7*$B$5)*EXP(-0.5*((A95/$B$3-$B$8)/$B$9)^2) )
A96: =$B$3*85/200 | B96: =SQRT(MAX((($B$5^2+$B$3^2)/(2*$B$5))^2-($B$3-A96)^2,0))-((($B$5^2+$B$3^2)/(2*$B$5))-$B$5) | C96: =MIN($B$5, $B$5*(1-COS(PI()*A96/(2*$B$3))) + ($B$7*$B$5)*EXP(-0.5*((A96/$B$3-$B$8)/$B$9)^2) )
A97: =$B$3*86/200 | B97: =SQRT(MAX((($B$5^2+$B$3^2)/(2*$B$5))^2-($B$3-A97)^2,0))-((($B$5^2+$B$3^2)/(2*$B$5))-$B$5) | C97: =MIN($B$5, $B$5*(1-COS(PI()*A97/(2*$B$3))) + ($B$7*$B$5)*EXP(-0.5*((A97/$B$3-$B$8)/$B$9)^2) )
A98: =$B$3*87/200 | B98: =SQRT(MAX((($B$5^2+$B$3^2)/(2*$B$5))^2-($B$3-A98)^2,0))-((($B$5^2+$B$3^2)/(2*$B$5))-$B$5) | C98: =MIN($B$5, $B$5*(1-COS(PI()*A98/(2*$B$3))) + ($B$7*$B$5)*EXP(-0.5*((A98/$B$3-$B$8)/$B$9)^2) )
A99: =$B$3*88/200 | B99: =SQRT(MAX((($B$5^2+$B$3^2)/(2*$B$5))^2-($B$3-A99)^2,0))-((($B$5^2+$B$3^2)/(2*$B$5))-$B$5) | C99: =MIN($B$5, $B$5*(1-COS(PI()*A99/(2*$B$3))) + ($B$7*$B$5)*EXP(-0.5*((A99/$B$3-$B$8)/$B$9)^2) )
A100: =$B$3*89/200 | B100: =SQRT(MAX((($B$5^2+$B$3^2)/(2*$B$5))^2-($B$3-A100)^2,0))-((($B$5^2+$B$3^2)/(2*$B$5))-$B$5) | C100: =MIN($B$5, $B$5*(1-COS(PI()*A100/(2*$B$3))) + ($B$7*$B$5)*EXP(-0.5*((A100/$B$3-$B$8)/$B$9)^2) )
...

Sheet readme
A1: Google Sheets friendly version. Steps:
A2: 1) In 'extras', set L_m and D_m. R_m = D_m/2 is auto.
A3: 2) Copy columns 'r_ogive' and 'r_fish' into 'blend'!B and !C (Paste values).
A4: 3) In 'blend', L_m (D2) and alpha_max (E2) already default to 0.5 and 0.65. Adjust if needed.
A5: 4) Column F gives r_blend(x). Export columns A & F as CSV to import into Inventor.
